MI Braided USB Type-C Cable for Charging Adapter (Red),â‚¹349,0.13
"Samsung Original Type C to C Cable - 3.28 Feet (1 Meter), White",â‚¹599,0
"ZEBRONICS ZEB-USB150WF1 WiFi USB Mini Adapter Supports 150 Mbps Wireless Data, Comes with Advanced Security WPA/WPA2 encryption Standards",â‚¹290,0.17
"Belkin Apple Certified Lightning To Type C Cable, Tough Unbreakable Braided Fast Charging For Iphone, Ipad, Air Pods, 3.3 Feet (1 Meters)    White","â‚¹1,599",0.2
LRIPL Compatible Sony Bravia LCD/led Remote Works with Almost All Sony led/LCD tv's,â‚¹399,0
"boAt LTG 500 Apple MFI Certified for iPhone, iPad and iPod 2Mtr Data Cable(Space Grey)",â‚¹849,0.15
Realme Smart TV Stick 4K,"â‚¹4,699",0
"ZORBESÂ® Wall Adapter Holder for Alexa Echo Dot 4th Generation,A Space-Saving Solution with Cord Management for Your Smart Home Speakers -White (Holder Only)",â‚¹893,0.15
Mi 80 cm (32 inches) HD Ready Android Smart LED TV 4A PRO | L32M5-AL (Black),"â‚¹14,999",0
"Redmi 11 Prime 5G (Thunder Black, 4GB RAM, 64GB Storage) | Prime Design | MTK Dimensity 700 | 50 MP Dual Cam | 5000mAh | 7 Band 5G","â‚¹13,999",0.13
"Samsung Original EHS64 Wired in Ear Earphones with Mic, Black",â‚¹949,0.05
"Redmi Note 11T 5G (Stardust White, 6GB RAM, 128GB ROM)| Dimensity 810 5G | 33W Pro Fast Charging | Charger Included | Additional Exchange Offers|Get 2 Months of YouTube Premium Free!","â‚¹16,999",0.19
"OnePlus 10T 5G (Moonstone Black, 8GB RAM, 128GB Storage)","â‚¹44,999",0.1
Nokia 150 (2020) (Cyan),"â‚¹2,599",0.13
"LIRAMARK Webcam Cover Slide, Ultra Thin Laptop Camera Cover Slide Blocker for Computer MacBook Pro iMac PC Tablet (Pack of 3)",â‚¹149,0
"Lava A1 Josh 21(Blue Silver) -Dual Sim,Call Blink Notification,Military Grade Certified with 4 Day Battery Backup, Keypad Mobile","â‚¹1,055",0.16
"Ambrane 27000mAh Power Bank, 20W Fast Charging, Triple Output, Type C PD (Input & Output), Quick Charge, Li-Polymer, Multi-Layer Protection for iPhone, Smartphones & Other Devices (Stylo Pro, Black)","â‚¹2,499",0.17
"Storio Kids Toys LCD Writing Tablet 8.5Inch E-Note Pad Best Birthday Gift for Girls Boys, Multicolor (SC1667)",â‚¹217,0.08
MI Braided USB Type-C Cable for Charging Adapter (Red),â‚¹349,0.13
Fujifilm Instax Mini Single Pack 10 Sheets Instant Film for Fuji Instant Cameras,â‚¹549,0
"Duracell Ultra Alkaline AAA Battery, 8 Pcs",â‚¹269,0.15
"E-COSMOS 5V 1.2W Portable Flexible USB LED Light (Colors May Vary, Small) - Set of 2 Pieces",â‚¹59,0
Duracell Plus AAA Rechargeable Batteries (750 mAh) Pack of 4,â‚¹399,0.2
"Classmate 2100117 Soft Cover 6 Subject Spiral Binding Notebook, Single Line, 300 Pages",â‚¹137,0.14
Casio MJ-12D 150 Steps Check and Correct Desktop Calculator,â‚¹440,0
Eveready Red 1012 AAA Batteries - Pack of 10,â‚¹159,0.12
"Parker Quink Ink Bottle, Blue",â‚¹100,0
"Luxor 5 Subject Single Ruled Notebook - A4, 70 GSM, 300 pages",â‚¹252,0.2
Duracell Chhota Power AA Battery Set of 10 Pcs,â‚¹190,0.14
"Zebronics Zeb-Transformer Gaming Keyboard and Mouse Combo (USB, Braided Cable)","â‚¹1,299",0.19
Parker Classic Gold Gold Trim Ball Pen,â‚¹480,0.2
"APC Back-UPS BX600C-IN 600VA / 360W, 230V, UPS System, an Ideal Power Backup & Protection for Home Office, Desktop PC & Home Electronics","â‚¹3,299",0.2
"E-COSMOS Plug in LED Night Light Mini USB LED Light Flexible USB LED Ambient Light Mini USB LED Light, LED Portable car Bulb, Indoor, Outdoor, Reading, Sleep (4 pcs)",â‚¹89,0.1
"BRUSTRO Copytinta Coloured Craft Paper A4 Size 80 GSM Mixed Bright Colour 40 Sheets Pack (10 cols X 4 Sheets) Double Side Color for Office Printing, Art and Craft.",â‚¹99,0
"Classmate Pulse Spiral Notebook - 240 mm x 180 mm, Soft Cover, 200 Pages, Unruled",â‚¹67,0.11
OFIXO Multi-Purpose Laptop Table/Study Table/Bed Table/Foldable and Portable Wooden/Writing Desk (Wooden),â‚¹599,0
"Samsung Original Type C to C Cable - 3.28 Feet (1 Meter), White",â‚¹599,0
"ENVIEÂ® (AA10004PLNi-CD) AA Rechargeable Batteries, Low Self Discharge, AA 1000mAh Ni-CD (Pack of 4)",â‚¹250,0
"HP Wired Mouse 100 with 1600 DPI Optical Sensor, USB Plug-and -Play,ambidextrous Design, Built-in Scrolling and 3 Handy Buttons. 3-Years Warranty (6VY96AA)",â‚¹328,0.18
"Classmate Pulse 6 Subject Notebook - Unruled, 300 Pages, Spiral Binding, 240mm*180mm",â‚¹114,0.05
"Pentonic Multicolor Ball Point Pen, Pack of 10",â‚¹120,0
Apsara Platinum Pencils Value Pack - Pack of 20,â‚¹99,0
Pilot V7 Liquid Ink Roller Ball Pen (2 Blue + 1 Black),â‚¹178,0.15
OnePlus 163.8 cm (65 inches) U Series 4K LED Smart Android TV 65U1S (Black),"â‚¹61,999",0.11
"ESR USB C to Lightning Cable, 10 ft (3 m), MFi-Certified, Braided Nylon Power Delivery Fast Charging for iPhone 14/14 Plus/14 Pro/14 Pro Max, iPhone 13/12/11/X/8 Series, Use with Type-C Chargers, Black","â‚¹1,519",0.2
MI Power Bank 3i 20000mAh Lithium Polymer 18W Fast Power Delivery Charging | Input- Type C | Micro USB| Triple Output | Sandstone Black,"â‚¹2,049",0.07
"OnePlus Nord 2T 5G (Jade Fog, 8GB RAM, 128GB Storage)","â‚¹28,999",0
"OnePlus Nord 2T 5G (Gray Shadow, 8GB RAM, 128GB Storage)","â‚¹28,999",0
"Nokia 105 Single SIM, Keypad Mobile Phone with Wireless FM Radio | Charcoal","â‚¹1,299",0.19
"iQOO Z6 Lite 5G by vivo (Stellar Green, 6GB RAM, 128GB Storage) | World's First Snapdragon 4 Gen 1 | 120Hz Refresh Rate | 5000mAh Battery | Travel Adapter to be Purchased Separately","â‚¹15,499",0.18
"realme narzo 50 (Speed Blue, 4GB RAM+64GB Storage) Helio G96 Processor | 50MP AI Triple Camera | 120Hz Ultra Smooth Display","â‚¹12,999",0.19
"Redmi Note 11 Pro + 5G (Stealth Black, 6GB RAM, 128GB Storage) | 67W Turbo Charge | 120Hz Super AMOLED Display | Additional Exchange Offers | Charger Included","â‚¹19,999",0.2
"iQOO Neo 6 5G (Dark Nova, 8GB RAM, 128GB Storage) | SnapdragonÂ® 870 5G | 80W FlashCharge","â‚¹28,999",0.17
"OnePlus Nord 2T 5G (Jade Fog, 12GB RAM, 256GB Storage)","â‚¹33,999",0
"OnePlus 10R 5G (Forest Green, 8GB RAM, 128GB Storage, 80W SuperVOOC)","â‚¹34,999",0.1
"Nokia 105 Single SIM, Keypad Mobile Phone with Wireless FM Radio | Blue","â‚¹1,299",0.19
"iQOO Z6 Lite 5G by vivo (Mystic Night, 6GB RAM, 128GB Storage) | World's First Snapdragon 4 Gen 1 | 120Hz Refresh Rate | 5000mAh Battery | Travel Adapter to be Purchased Separately","â‚¹15,499",0.18
"realme narzo 50i (Mint Green, 2GB RAM+32GB Storage) Octa Core Processor | 6.5"" inch Large Display","â‚¹7,499",0.06
"iQOO vivo Z6 5G (Chromatic Blue, 8GB RAM, 128GB Storage) | Snapdragon 695-6nm Processor | 120Hz FHD+ Display | 5000mAh Battery","â‚¹17,999",0.18
"Motorola a10 Dual Sim keypad Mobile with 1750 mAh Battery, Expandable Storage Upto 32GB, Wireless FM with Recording - Rose Gold","â‚¹1,399",0.14
MI Braided USB Type-C Cable for Charging Adapter (Red),â‚¹349,0.13
Samsung Ehs64 Ehs64Avfwecinu Hands-Free Wired In Ear Earphones With Mic With Remote Note (White),â‚¹499,0
"Redmi 9A Sport (Carbon Black, 2GB RAM, 32GB Storage) | 2GHz Octa-core Helio G25 Processor | 5000 mAh Battery","â‚¹6,499",0.19
Mi 10W Wall Charger for Mobile Phones with Micro USB Cable (Black),â‚¹499,0.17
"Redmi 11 Prime 5G (Meadow Green, 4GB RAM 64GB ROM) | Prime Design | MTK Dimensity 700 | 50 MP Dual Cam | 5000mAh | 7 Band 5G","â‚¹13,999",0.13
"Samsung Galaxy M32 Prime Edition (Light Blue, 4GB RAM, 64GB)","â‚¹12,999",0.04
"Redmi Note 11T 5G (Matte Black, 6GB RAM, 128GB ROM)| Dimensity 810 5G | 33W Pro Fast Charging | Charger Included | Additional Exchange Offers|Get 2 Months of YouTube Premium Free!","â‚¹16,999",0.19
"Redmi Note 11T 5G (Aquamarine Blue, 6GB RAM, 128GB ROM)| Dimensity 810 5G | 33W Pro Fast Charging | Charger Included | Additional Exchange Offers| Get 2 Months of YouTube Premium Free!","â‚¹16,999",0.19
"Motorola a10 Dual Sim keypad Mobile with 1750 mAh Battery, Expandable Storage Upto 32GB, Wireless FM with Recording - Dark Blue","â‚¹1,399",0.14
"Classmate Soft Cover 6 Subject Spiral Binding Notebook, Unruled, 300 Pages",â‚¹157,0.02
"HP Deskjet 2331 Colour Printer, Scanner and Copier for Home/Small Office, Compact Size, Reliable, Easy Set-Up Through Smart App On Your Pc Connected Through USB, Ideal for Home.","â‚¹3,999",0.08
Parker Quink Ink Bottle (Black),â‚¹90,0.1
"Camel Artist Acrylic Color Box - 9ml Tubes, 12 Shades",â‚¹310,0
"LIRAMARK Webcam Cover Slide, Ultra Thin Laptop Camera Cover Slide Blocker for Computer MacBook Pro iMac PC Tablet (Pack of 3)",â‚¹149,0
Classmate Octane Neon- 25 Blue Gel Pens | Smooth Writing Pens| Water-proof Ink For Smudge-free Writing| Preferred By Students For Exam & Class Notes| Study At Home Essential,â‚¹250,0
Classmate Octane Colour Burst-Multicolour Gel Pens (Pack of 10) | Gold & Silver Glitter Sparkle Pens|10 colour ink shades for art lovers and kids|Fun at home essentials,â‚¹90,0.1
"Camel Fabrica Acrylic Ultra Color - 15ml each, 10 Shades",â‚¹200,0.13
HP GT 53 XL Cartridge Ink,â‚¹596,0.18
"Pilot Frixion Clicker Roller Pen (Blue), (9000019529)",â‚¹90,0.1
Inventis 5V 1.2W Portable Flexible USB LED Light Lamp (Colors may vary),â‚¹39,0
"Classmate Drawing Book - Unruled, 40 Pages, 210 mm x 297 mm - Pack Of 4",â‚¹120,0
Parker Moments Vector Timecheck Gold Trim Roller Ball Pen (Black),â‚¹420,0
Camlin Elegante Fountain Pen - Black/Blue/Red,â‚¹225,0
"Canon E4570 All-in-One Wi-Fi Ink Efficient Colour Printer with FAX/ADF/Duplex Printing (Black)- Smart Speaker Compatible, Standard","â‚¹8,349",0.13
"Duracell Ultra Alkaline D Battery, 2 Pcs",â‚¹380,0.05
Bajaj RHX-2 800-Watt Room Heater (White),"â‚¹1,399",0.1
Orpat OEH-1260 2000-Watt Fan Heater (Grey),"â‚¹1,464",0.11
Philips GC1905 1440-Watt Steam Iron with Spray (Blue),"â‚¹1,614",0.08
"Philips GC026/30 Fabric Shaver, Lint Remover for Woolen Sweaters, Blankets, Jackets/Burr Remover Pill Remover from Carpets, Curtains (White)","â‚¹1,490",0.12
"Prestige Sandwich Maker PGMFD 01, Black","â‚¹1,299",0
"Duracell Ultra Alkaline AA Battery, 8 Pcs",â‚¹266,0.16
Classmate Octane Neon- Blue Gel Pens(Pack of 5)|Smooth Writing Pen|Attractive body colour for Boys & Girls|Waterproof ink for smudge free writing|Preferred by Students for Exam|Study at home essential,â‚¹50,0
"Seagate Expansion 1TB External HDD - USB 3.0 for Windows and Mac with 3 yr Data Recovery Services, Portable Hard Drive (STKM1000400)","â‚¹4,098",0.18
"Casio FX-991ES Plus-2nd Edition Scientific Calculator, Black","â‚¹1,295",0
HP 805 Black Original Ink Cartridge,â‚¹717,0.06
Eveready 1015 Carbon Zinc AA Battery - 10 Pieces,â‚¹149,0.17
"PIDILITE Fevicryl Acrylic Colours Sunflower Kit (10 Colors x 15 ml) DIY Paint, Rich Pigment, Non-Craking Paint for Canvas, Wood, Leather, Earthenware, Metal, Diwali Gifts for Diwali",â‚¹191,0.15
"Casio FX-82MS 2nd Gen Non-Programmable Scientific Calculator, 240 Functions and 2-line Display, Black",â‚¹522,0.05
Zebronics ZEB-KM2100 Multimedia USB Keyboard Comes with 114 Keys Including 12 Dedicated Multimedia Keys & with Rupee Key,â‚¹329,0.18
Panasonic CR-2032/5BE Lithium Coin Battery - Pack of 5,â‚¹225,0.1
"Classmate Soft Cover 6 Subject Spiral Binding Notebook, Single Line, 300 Pages",â‚¹157,0.02
"Duracell Rechargeable AA 1300mAh Batteries, 4Pcs",â‚¹479,0.2
HP 682 Black Original Ink Cartridge,â‚¹828,0.04
Logitech H111 Wired On Ear Headphones With Mic Black,â‚¹745,0.06
"Philips GC181 Heavy Weight 1000-Watt Dry Iron, Pack of 1","â‚¹1,321",0.14
"Bajaj DX-7 1000W Dry Iron with Advance Soleplate and Anti-bacterial German Coating Technology, White",â‚¹775,0.11
"VR 18 Pcs - 3 Different Size Plastic Food Snack Bag Pouch Clip Sealer Large, Medium, Small Plastic Snack Seal Sealing Bag Clips Vacuum Sealer (Set of 18, Multi-Color) (Multicolor)",â‚¹89,0
"Bajaj DX-2 600W Dry Iron with Advance Soleplate and Anti-bacterial German Coating Technology, Black",â‚¹499,0.2
"Bajaj Deluxe 2000 Watts Halogen Room Heater (Steel, ISI Approved), Multicolor","â‚¹1,409",0.14
Orpat HHB-100E WOB 250-Watt Hand Blender (White),â‚¹753,0.16
Philips Daily Collection HD2582/00 830-Watt 2-Slice Pop-up Toaster (White),"â‚¹2,095",0
"Philips HL7756/00 Mixer Grinder, 750W, 3 Jars (Black)","â‚¹3,699",0.14
"Kuber Industries Waterproof Round Non Wovan Laundry Bag/Hamper|Metalic Printed With Handles|Foldable Bin & 45 Liter Capicity|Size 37 x 37 x 49, Pack of 1 (Beige & Brown)-KUBMART11450",â‚¹177,0.11
"Crompton Insta Comfort Heater 2000 Watts Heat Convector with Adjustable Thermostats, Hybrid Cyan, Standard (â€ŽACGRH- INSTACOMFORT)","â‚¹1,959",0.18
"Pigeon Kessel Multipurpose Kettle (12173) 1.2 litres with Stainless Steel Body, used for boiling Water and milk, Tea, Coffee, Oats, Noodles, Soup etc. 600 Watt (Black & Silver)","â‚¹1,499",0.16
HUL Pureit Germkill kit for Classic 23 L water purifier - 1500 L Capacity,â‚¹600,0
HUL Pureit Germkill kit for Classic 23 L water purifier - 3000 L Capacity,"â‚¹1,130",0
"InstaCuppa Portable Blender for Smoothie, Milk Shakes, Crushing Ice and Juices, USB Rechargeable Personal Blender Machine for Kitchen with 2000 mAh Rechargeable Battery, 150 Watt Motor, 400 ML","â‚¹1,999",0.2
Philips PowerPro FC9352/01 Compact Bagless Vacuum Cleaner (Blue),"â‚¹8,999",0.1
"InstaCuppa Portable Blender for Smoothie, Milk Shakes, Crushing Ice and Juices, USB Rechargeable Personal Blender Machine for Kitchen with 4000 mAh Rechargeable Battery, 230 Watt Motor, 500 ML","â‚¹2,799",0.2
"Lint Roller with 40 Paper Sheets, 22 x 5 cm (Grey)",â‚¹245,0.18
"PHILIPS HL1655/00 Hand Blender, White Jar 250W","â‚¹1,695",0
"Kitchenwell 18Pc Plastic Food Snack Bag Pouch Clip Sealer for Keeping Food Fresh for Home, Kitchen, Camping Snack Seal Sealing Bag Clips (Multi-Color) | (Pack of 18)|",â‚¹79,0
"Tata Swach Bulb 6000-Litre Cartridge, 1 Piece, White, Hollow Fiber Membrane",â‚¹698,0
Brayden Fito Atom Rechargeable Smoothie Blender with 2000 mAh Battery and 3.7V Motor with 400ml Tritan Jar (Blue),"â‚¹1,199",0.2
Bajaj ATX 4 750-Watt Pop-up Toaster (White),"â‚¹1,499",0
KENT Gold Optima Gravity Water Purifier (11016) | UF Technology Based | Non-Electric & Chemical Free | Counter Top | 10L Storage | White,"â‚¹1,699",0.11
"AGARO Marvel 9 Liters Oven Toaster Griller, Cake Baking OTG (Black)","â‚¹1,699",0.15
Philips GC1920/28 1440-Watt Non-Stick Soleplate Steam Iron,"â‚¹1,849",0.12
ENEM Sealing Machine | 12 Inch (300 mm) | 1 Year Warranty | Full Customer Support | Beep Sound Function | Plastic Packing Machine | Plastic Bag Sealing Machine | Heat Sealer Machine | Plastic Sealing Machine | Blue | Made in India,"â‚¹1,595",0.11
Kitchenwell Multipurpose Portable Electronic Digital Weighing Scale Weight Machine | Weight Machine | 10 Kg,â‚¹239,0
Black + Decker BD BXIR2201IN 2200-Watt Cord & Cordless Steam Iron (Green),"â‚¹3,199",0.09
"Prestige PWG 07 Wet Grinder, 2L (Multicolor) with Coconut Scraper and Atta Kneader Attachments, 200 Watt","â‚¹3,710",0.14
"Eureka Forbes Aquasure Amrit Twin Cartridge (Pack of 2), White",â‚¹825,0
"Sujata Chutney Steel Jar, 400 ml, (White), Stainless Steel",â‚¹688,0.08
KENT 11054 Alkaline Water Filter Pitcher 3.5 L | Chemical-Free Water with Balanced pH Levels 8.0 to 9.5 | Solves Acidity Issue | Equipped with Carbon and Sediment Filter - Grey,"â‚¹1,799",0.08
"Philips HD6975/00 25 Litre Digital Oven Toaster Grill, Grey, 25 liter","â‚¹8,599",0.04
Parker Vector Standard Chrome Trim Ball Pen (Ink - Black),â‚¹272,0.15
Canon PIXMA MG2577s All-in-One Inkjet Colour Printer with 1 Additional Colour Cartridge,"â‚¹3,498",0.1
Faber-Castell Connector Pen Set - Pack of 25 (Assorted),â‚¹150,0
"realme Buds Wireless in Ear Bluetooth Earphones with mic, 11.2mm Bass Boost Driver, Magnetic Fast Pair, Fast Charging and 12 Hrs Playtime (Yellow)","â‚¹1,679",0.16
"Classmate Pulse 1 Subject Notebook - 240mm x 180mm , Soft Cover, 180 Pages, Single Line, Pack of 4",â‚¹300,0
"Casio MJ-120D 150 Steps Check and Correct Desktop Calculator with Tax Keys, Black",â‚¹535,0
"HP Deskjet 2723 AIO Printer, Copy, Scan, WiFi, Bluetooth, USB, Simple Setup Smart App, Ideal for Home.","â‚¹5,899",0.16
"Panasonic Eneloop BQ-CC55N Advanced, Smart and Quick Charger for AA & AAA Rechargeable Batteries, White","â‚¹1,500",0
"Logitech K380 Wireless Multi-Device Keyboard for Windows, Apple iOS, Apple TV Android or Chrome, Bluetooth, Compact Space-Saving Design, PC/Mac/Laptop/Smartphone/Tablet (Dark Grey)","â‚¹2,640",0.17
Canon PIXMA E477 All-in-One Wireless Ink Efficient Colour Printer (White/Blue),"â‚¹5,299",0.17
Belkin Essential Series 4-Socket Surge Protector Universal Socket with 5ft Heavy Duty Cable (Grey),"â‚¹1,289",0.14
"Classmate Long Book - Unruled, 160 Pages, 314 mm x 194 mm - Pack Of 3",â‚¹165,0
"E-COSMOS 5V 1.2W Portable Flexible USB LED Light (Colours May Vary, Small, EC-POF1)",â‚¹39,0
Camel Oil Pastel with Reusable Plastic Box - 50 Shades,â‚¹230,0
"HP M270 Backlit USB Wired Gaming Mouse with 6 Buttons, 4-Speed Customizable 2400 DPI, Ergonomic Design, Breathing LED Lighting, Metal Scroll Wheel, Lightweighted / 3 Years Warranty (7ZZ87AA), Black",â‚¹599,0.14
"FYA Handheld Vacuum Cleaner Cordless, Wireless Hand Vacuum&Air Blower 2-in-1, Mini Portable Car Vacuum Cleaner with Powerful Suction, USB Rechargeable Vacuum for Pet Hair, Home and Car","â‚¹2,669",0.17
"CARDEX Digital Kitchen Weighing Machine Multipurpose Electronic Weight Scale With Back Lite LCD Display for Measuring Food, Cake, Vegetable, Fruit (KITCHEN SCALE)",â‚¹379,0.03
KENT POWP-Sediment Filter 10'' Thread WCAP,â‚¹231,0.11
Havells Ventil Air DX 200mm Exhaust Fan (White),"â‚¹1,999",0.15
"Kuber Industries Waterproof Round Laundry Bag/Hamper|Polka Dots Print Print with Handles|Foldable Bin & 45 Liter Capicity|Size 37 x 37 x 49, Pack of 1(Black & White)- CTKTC044992",â‚¹219,0.12
"Borosil Rio 1.5 L Electric Kettle, Stainless Steel Inner Body, Boil Water For Tea, Coffee, Soup, Silver","â‚¹1,180",0.18
"PHILIPS Drip Coffee Maker HD7432/20, 0.6 L, Ideal for 2-7 cups, Black, Medium","â‚¹2,999",0.17
Philips HD9306/06 1.5-Litre Electric Kettle (Multicolor),"â‚¹2,695",0
Usha IH2415 1500-Watt Immersion Heater (Silver),â‚¹510,0.2
Havells Bero Quartz Heater Black 800w 2 Heat Settings 2 Year Product Warranty,"â‚¹2,439",0.04
"Philips EasyTouch Plus Standing Garment Steamer GC523/60 - 1600 Watt, 5 Steam Settings, Up to 32 g/min steam, with Double Pole","â‚¹7,799",0.13
"Brayden Chopro, Electric Vegetable Chopper for Kitchen with 500 ML Capacity, 400 Watts Copper Motor and 4 Bi-Level SS Blades (Black)","â‚¹1,599",0.2
Usha Janome Dream Stitch Automatic Zig-Zag Electric Sewing Machine with 14 Stitch Function (White and Blue) with Free Sewing KIT Worth RS 500,"â‚¹9,799",0.19
"Philips EasySpeed Plus Steam Iron GC2145/20-2200W, Quick Heat Up with up to 30 g/min steam, 110 g steam Boost, Scratch Resistant Ceramic Soleplate, Vertical steam & Drip-Stop","â‚¹2,903",0.12
Rico IRPRO 1500 Watt Japanese Technology Electric Water Heater Immersion Rod Shockproof Protection & Stainless Steel Heating Element for Instant Heating| ISI Certified 1 Year Replacement Warranty,â‚¹999,0.07
Morphy Richards New Europa 800-Watt Espresso and Cappuccino 4-Cup Coffee Maker (Black),"â‚¹4,799",0.17
"Crompton InstaGlide 1000-Watts Dry Iron with American Heritage Coating, Pack of 1 Iron",â‚¹850,0.15
Prestige Clean Home Water Purifier Cartridge,â‚¹600,0.06
Morphy Richards Aristo 2000 Watts PTC Room Heater (White),"â‚¹3,711",0.17
"HUL Pureit Germkill kit for Advanced 23 L water purifier - 3000 L Capacity, Sand, Multicolour",â‚¹980,0
"Philips EasySpeed Plus Steam Iron GC2147/30-2400W, Quick Heat up with up to 30 g/min steam, 150g steam Boost, Scratch Resistant Ceramic Soleplate, Vertical steam, Drip-Stop","â‚¹3,349",0.16
"Maharaja Whiteline Nano Carbon Neo, 500 Watts Room Heater (Black, White), Standard (5200100986)","â‚¹1,235",0.18
"Eureka Forbes car Vac 100 Watts Powerful Suction Vacuum Cleaner with Washable HEPA Filter, 3 Accessories,Compact,Light Weight & Easy to use (Black and Red)","â‚¹2,099",0.16
"KENT 16025 Sandwich Grill 700W | Non-Toxic Ceramic Coating | Automatic Temperature Cut-off with LED Indicator | Adjustable Height Control, Metallic Silver, Standard","â‚¹1,699",0.14
"Philips Hi113 1000-Watt Plastic Body Ptfe Coating Dry Iron, Pack of 1",â‚¹949,0.03
"Preethi MGA-502 0.4-Litre Grind and Store Jar (White), stainless steel, Set of 1",â‚¹635,0
"Kent Gold, Optima, Gold+ Spare Kit",â‚¹649,0.03
Wipro Smartlife Super Deluxe Dry Iron- 1000W,â‚¹699,0.18
